fixed acidity,volatile acidity,citric acid,residual sugar,chlorides,free sulfur dioxide,total sulfur dioxide,density,pH,sulphates,alcohol
8.3,0.27,0.45,8.8,0.059,32,139,0.9972,3.13,0.92,12.3
5.4,0.29,0.47,4,0.053,46,144,0.9931,3.09,0.91,11
6.3,0.12,0.42,2.1,0.043,63,146,0.99066,2.93,0.87,12.3
7.8,0.29,0.4,2.6,0.027,20,87,0.9911,2.95,0.63,13.1
7.4,0.47,0.24,16.1,0.03,34,153,0.9953,2.93,0.66,13.2
6.9,0.21,0.31,7.3,0.029,41,131,0.99326,2.88,0.64,11.9
8,0.32,0.49,10,0.033,39,180,0.9936,2.93,0.53,13.5
5.8,0.22,0.31,5.5,0.046,42,124,0.99324,3.11,0.79,11.9
7.4,0.15,0.49,2.2,0.055,18,150,0.9917,3.03,0.62,12.3
6.2,0.34,0.27,4.2,0.032,13,73,0.98942,2.7,0.84,13.9
7.4,0.18,0.3,13.8,0.053,48.5,229,0.9986,2.94,0.64,10
6.7,0.12,0.29,6.3,0.051,31,122,0.9944,3.24,0.52,10.7
6.3,0.18,0.28,2.8,0.022,28,158,0.9907,3,0.79,12.5
6.7,0.25,0.26,5.1,0.073,36,202,0.9956,3.1,0.82,10.5
8.1,0.23,0.38,5.3,0.044,49,172,0.996,3.17,0.89,11.9
7.5,0.31,0.39,13.4,0.065,29,119,0.9974,2.96,0.54,10.3
6.5,0.28,0.53,2.7,0.04,41,192,0.9922,3.06,0.74,11.4
5.9,0.27,0.14,9.6,0.032,30,142,0.99542,3.08,0.59,10.5
6.7,0.21,0.39,11.2,0.038,60,149,0.99725,2.97,0.69,11
6.4,0.29,0.5,6.8,0.038,42,111,0.99189,2.98,0.68,13.1
8.1,0.31,0.22,6.2,0.047,24,151,0.99527,3.02,0.62,11.3
7,0.24,0.45,3.3,0.045,40,118,0.99064,2.96,0.63,13.1
6.3,0.25,0.42,8.1,0.045,62,209,0.99544,3,0.68,10.5
6.4,0.29,0.31,13.9,0.045,55,161,0.99546,2.82,0.74,11.2
6.8,0.23,0.38,9.3,0.045,50,185,0.99578,2.95,0.65,10.5
5.6,0.22,0.29,4.1,0.023,19,89,0.99068,3.05,0.66,12.3
6.8,0.26,0.3,14,0.047,69,160,0.99705,2.96,0.65,10.6
7.2,0.23,0.34,2.1,0.045,3,64,0.9913,3.03,0.66,12.5
6.8,0.31,0.44,8,0.05,29,155,0.9955,2.94,0.57,10.5
5.5,0.18,0.27,1.9,0.04,52,103,0.99026,3.3,0.54,12.3
6.6,0.32,0.24,4.3,0.034,29,99,0.99031,2.9,0.55,13.5
6.5,0.14,0.32,2.3,0.036,19,76,0.98964,2.98,0.56,13.5
8.9,0.31,0.34,2.4,0.056,14,171,0.9946,2.93,0.62,10.7
8.3,0.23,0.27,3.1,0.03,22,162,0.9914,2.79,0.83,13.1
6,0.37,0.17,13,0.046,65,246,0.9976,2.95,0.53,9.9
6.6,0.19,0.14,5.4,0.184,35,168,0.99396,2.73,0.6,10.3
7.4,0.17,0.34,3.7,0.03,30,107,0.992,2.77,0.68,12.1
7,0.29,0.51,14.6,0.05,40,168,0.9976,2.87,0.67,10.6
6.7,0.58,0.21,2.65,0.117,40,240,0.9938,2.91,0.72,10.2
8.2,0.22,0.37,2.3,0.042,39,117,0.9928,2.79,0.51,11
7.9,0.26,0.27,2.7,0.034,25,122,0.99088,2.77,0.66,13.1
5.6,0.25,0,11.2,0.038,13,111,0.99315,3.24,0.61,13.6
8,0.31,0.32,5.6,0.041,31,180,0.99184,2.72,0.89,13.4
6.9,0.32,0.36,2.4,0.032,13,145,0.99214,2.87,0.67,10.8
7.3,0.27,0.42,15.4,0.04,49,173,0.9994,3.08,0.97,9.9
6.2,0.15,0.54,2.4,0.126,37,110,0.9932,3.03,0.52,9.8
6.4,0.23,0.29,2,0.038,18,122,0.9906,3.1,0.57,12.7
7.3,0.24,0.36,14.1,0.05,35,200,0.9986,2.84,0.61,9.8
6.7,0.17,0.25,15.3,0.048,79,149,0.9975,2.92,0.52,10.7
6.4,0.29,0.39,8.5,0.04,57,213,0.99475,3.12,0.58,11
6.2,0.24,0.27,2.3,0.037,30,86,0.98834,2.85,0.74,14.2
7.1,0.29,0.36,7.8,0.055,44.5,234,0.9972,3.29,0.79,11.2
7,0.29,0.31,10.1,0.036,45,140,0.99216,2.78,0.46,13.2
6,0.3,0.12,6.9,0.041,34,190,0.9944,2.96,0.87,11
7.2,0.26,0.27,3.4,0.048,30,149,0.9936,2.9,0.66,10.1
6.8,0.21,0.31,7.9,0.037,33,121,0.99176,2.82,0.54,13.1
5.9,0.12,0.28,2.9,0.05,20,78,0.9918,3.23,0.79,11.9
7.2,0.25,0.44,8.1,0.027,25,126,0.993,2.82,0.49,12.2
5.8,0.26,0.26,4.5,0.071,26,69,0.98994,2.9,0.53,12.7
6.9,0.27,0.3,2.6,0.047,46,132,0.9918,3.15,0.53,12.2
7.1,0.29,0.25,12.2,0.048,32,136,0.99663,2.94,0.55,10.5
6,0.18,0.26,2.4,0.039,30,104,0.98998,3.12,0.56,13.6
7.2,0.37,0.62,12,0.047,66,178,0.9976,2.96,0.65,9.6
6.4,0.33,0.28,13.6,0.039,19,124,0.99539,3,0.58,11.7
5.9,0.23,0.3,3,0.033,28,92,0.99225,3.19,0.84,12
7,0.2,0.34,9.5,0.033,31,253,0.9953,3.02,0.71,11.6
7.9,0.33,0.28,13.9,0.032,13,63,0.9932,2.79,0.58,14.3
6.4,0.16,0.32,3.4,0.048,41,200,0.9938,3.3,0.65,10.7
6.3,0.26,0.18,8.7,0.048,45,186,0.9962,3.03,0.62,9.9
7.2,0.32,0.3,9.4,0.051,40,167,0.99756,3.28,0.77,10.7
6.7,0.39,0.34,10.2,0.049,29,150,0.9968,3.02,0.66,10
6.4,0.16,0.34,2.5,0.093,43,136,0.9938,3.05,0.64,10.6
6.2,0.2,0.29,2.6,0.039,24,92,0.99114,3.07,0.65,12.3
8.6,0.46,0.29,5.1,0.026,19,101,0.9918,2.81,0.53,13.6
6.1,0.42,0.28,5.25,0.032,43,132,0.9916,3.06,0.62,12.4
6.7,0.2,0.48,15.8,0.05,31,195,0.99942,2.75,0.9,9.7
7,0.26,0.48,7.1,0.042,60,184,0.99566,3,0.65,10.3
6.6,0.27,0.3,8.8,0.049,57,202,0.9958,3.04,0.54,10.5
7,0.23,0.34,2.4,0.031,27,107,0.99,2.86,0.54,13.1
6.1,0.16,0.21,2.9,0.09,44,130,0.99255,2.87,0.56,10.7
6.8,0.27,0.44,10.3,0.031,35,137,0.9946,2.96,0.51,11.4
6.7,0.2,0.32,6.4,0.047,29,140,0.995,3.19,0.61,10.7
6.9,0.24,0.24,4.6,0.057,13,85,0.9942,2.79,0.63,10.5
7.2,0.35,0.4,12.6,0.032,34,214,0.9963,2.9,0.66,10.8
6.6,0.3,0.26,5.6,0.031,26,120,0.99198,3.2,0.88,13.8
7.3,0.21,0.3,9.2,0.047,42,207,0.9966,3.13,0.61,10.5
6.6,0.26,0.31,6.3,0.137,35,163,0.9951,3,0.53,10.2
7.4,0.17,0.27,2.3,0.048,26,105,0.994,3.32,0.81,11.7
8,0.27,0.3,9.4,0.03,35,115,0.99192,2.73,0.57,13.5
6.8,0.31,0.31,8.4,0.045,34,143,0.99226,2.86,0.7,13.4
8.5,0.2,0.41,5.3,0.036,24,99,0.9947,2.98,0.68,10.7
6.2,0.29,0.32,2.3,0.054,27,183,0.99266,3.1,0.58,11.1
5.9,0.59,0.28,4.5,0.039,55,152,0.9907,3.24,0.59,13.2
6.4,0.28,0.18,16,0.04,21,116,0.99736,2.94,0.65,10.1
7.2,0.24,0.32,2.5,0.054,24,105,0.99154,2.97,0.63,12.2
6.5,0.27,0.29,3.7,0.038,26,107,0.9912,3.12,0.56,12.8
5.7,0.13,0.3,5.6,0.042,19,101,0.9946,3.11,0.57,10.2
6.9,0.3,0.16,2.4,0.051,15,96,0.994,3.02,0.53,10.5
6.9,0.18,0.35,14.5,0.038,49,118,0.99546,2.8,0.78,11.8
6.5,0.19,0.35,4.9,0.04,27,140,0.99102,2.78,0.68,13
5.8,0.18,0.33,5.2,0.038,49,133,0.99107,2.96,0.57,12.4
5.3,0.15,0.39,2,0.028,40,101,0.99156,3.37,0.74,11.7
5.7,0.27,0.24,18.5,0.044,60,167,0.9989,3.11,0.59,10.3
8.2,0.19,0.38,4.5,0.053,41,174,0.99306,3.02,0.56,12.8
5.6,0.22,0.25,9,0.043,31,101,0.99429,2.99,0.57,11.4
7.3,0.38,0.28,7.5,0.037,26,97,0.99148,2.96,0.73,13.9
7.4,0.2,0.27,2.2,0.041,27,99,0.9927,2.99,0.48,10.8
5.3,0.56,0.07,8.1,0.044,34,145,0.9945,3.14,0.72,10.7
6.7,0.31,0.34,8.5,0.036,39,124,0.99123,2.79,0.47,13.6
6.5,0.24,0.35,13,0.055,47,179,0.998,3.38,0.62,11
7,0.29,0.26,8.4,0.069,28,160,0.9954,2.93,0.61,10.8
7.6,0.49,0.49,15,0.034,37,156,0.9958,2.94,0.53,13
6.9,0.26,0.4,15,0.05,64,227,0.9979,2.98,0.73,10.6
8,0.12,0.25,2.1,0.033,15,86,0.99044,2.78,0.54,12.3
7.2,0.52,0.09,2.5,0.108,16,151,0.9938,2.87,0.72,10.1
6.5,0.34,0.31,14.55,0.053,20,113,0.99544,3,0.71,12.1
7.9,0.31,0.28,32.6,0.053,35,176,1.0103,2.95,0.53,9.7
7.6,0.18,0.37,14.1,0.033,52,151,0.99726,2.98,0.94,11.4
7.2,0.18,0.39,2.2,0.036,32,85,0.9918,2.96,0.65,11.6
7.3,0.24,0.27,4.8,0.047,16,79,0.99173,2.87,0.61,12.4
8.7,0.47,0.57,18.8,0.052,34,243,1.0007,2.78,0.97,9.9
7.2,0.2,1,2.1,0.154,46,114,0.9931,2.75,0.58,10.1
6.4,0.29,0.36,3,0.052,18,141,0.99273,3.18,0.68,11.6
7.4,0.29,0.22,6.25,0.053,33,180,0.9926,2.93,0.6,12.8
6.6,0.36,0.15,5.6,0.044,25,78,0.9931,2.91,0.53,11.2
5.9,0.3,0.33,3.1,0.027,35,138,0.98945,3.17,0.57,14
5.3,0.45,0.1,2.3,0.036,11,74,0.99082,3.28,0.69,12.3
7,0.14,0.28,15.7,0.051,29,149,0.99792,2.76,0.54,9.9
7.5,0.25,0.26,19.35,0.084,33,139,1.0011,2.97,0.54,9.7
7.1,0.52,0.13,2.7,0.073,21,165,0.994,2.77,0.73,10.1
5.8,0.28,0.33,4.7,0.029,30,88,0.98994,3.05,0.57,13.5
6.2,0.24,0.47,12.6,0.048,62,210,0.9968,2.99,0.65,10.5
5.9,0.26,0.29,12.4,0.036,31,115,0.9949,3.15,0.63,11.6
6.8,0.17,0.28,10.8,0.039,29,113,0.99406,2.91,0.6,12
6.5,0.18,0.34,2.6,0.029,39,116,0.98954,3.01,0.83,13.8
6.7,0.15,0.32,13.5,0.035,18,156,0.99666,2.68,0.51,9.9
6.2,0.29,0.31,2.6,0.035,40,106,0.98914,3.06,0.54,14.2
8.1,0.48,0.47,2.1,0.037,23,126,0.9938,3.01,0.57,12
6.5,0.27,0.25,5.8,0.029,54,128,0.99074,2.97,0.59,13.4
6.4,0.25,0.21,8.1,0.04,35,162,0.9956,3.19,0.73,10.9
7.4,0.22,0.25,2.4,0.049,43,141,0.9934,3.22,0.69,11.2
5.7,0.29,0.28,5.1,0.03,22,86,0.99062,3.11,0.53,12.9
6.7,0.23,0.41,3.9,0.039,48,122,0.99052,3.05,0.58,13.2
6.2,0.22,0.36,18.2,0.039,37,130,0.99946,3.03,0.58,9.7
6.2,0.2,0.24,2.2,0.051,31,95,0.99036,3.04,0.72,12.4
7.5,0.17,0.39,2.9,0.054,23,91,0.9941,3.07,0.6,11.3
7.8,0.3,0.33,11.4,0.031,47,194,0.99692,2.87,0.73,10.6
6.3,0.29,0.24,7.6,0.04,38,141,0.995,3.02,0.62,10.5
6.9,0.29,0.32,2.2,0.024,20,166,0.99208,2.85,0.69,10.8
9.6,0.28,0.46,2.45,0.039,77.5,223,0.9944,2.72,0.61,10.5
7.4,0.23,0.42,15,0.066,48,198,0.9979,2.69,0.57,9.8
7.1,0.26,0.24,13.6,0.044,48,118,0.99726,2.84,0.71,11
6,0.16,0.49,2,0.034,26,106,0.992,3.01,0.57,10.8
6.9,0.33,0.74,2,0.044,18,132,0.992,2.93,0.7,11.2
6.6,0.29,0.49,8.7,0.05,52,220,0.9964,2.92,0.6,9.7
7.1,0.11,0.3,4.1,0.018,15,37,0.99004,2.82,0.67,13.1
6.7,0.3,0.32,2.7,0.031,31,114,0.98946,2.92,0.5,13.8
7.4,0.29,0.49,9.2,0.055,49,188,0.9974,3.32,0.73,10.7
6.4,0.29,0.27,5.4,0.055,17,135,0.9925,3.03,0.59,13.4
7.1,0.22,0.35,17.5,0.04,60,171,0.999,2.96,0.74,10
7,0.15,0.25,15.3,0.044,27,149,0.998,2.71,0.61,10.1
6.3,0.23,0.74,2.4,0.172,24,108,0.9932,3.07,0.54,10.9
8.2,0.17,0.38,2.1,0.04,41,92,0.99062,2.68,0.75,13.2
7.4,0.15,0.3,14.7,0.056,33,168,0.99825,2.7,0.59,9.6
8.8,0.26,0.25,6,0.024,52,99,0.9925,2.67,0.64,12.5
6,0.25,0.29,2,0.032,27,96,0.9896,3.18,0.59,13.5
6,0.27,0.27,16.5,0.036,31,134,0.99408,2.99,0.59,14.3
7.5,0.67,0.1,14,0.044,44,214,0.99741,2.9,0.65,10
5.6,0.27,0.28,5.2,0.044,52,158,0.992,3.15,0.59,11.8
6.6,0.49,0.44,13.2,0.048,54,245,0.9975,3.06,0.69,10.2
5.2,0.21,0.46,7.2,0.066,41,187,0.99362,2.99,0.57,10.7
7.7,0.23,0.3,2.4,0.041,15,102,0.9929,3.06,0.68,11.4
6.8,0.2,0.49,15.5,0.06,50,170,0.9991,3.35,0.59,10.8
7.6,0.19,0.3,15.2,0.056,53,212.5,0.999,2.94,0.61,9.8
5.7,0.31,0.15,2.9,0.05,20,93,0.9934,3.18,0.77,10.9
6.4,0.29,0.33,6.2,0.05,30,137,0.99304,3.06,0.73,12.2
5.9,0.25,0.27,19.2,0.048,52,168,0.9993,3.15,0.59,10.3
6.4,0.17,0.74,12.9,0.046,54,168,0.9978,3.38,0.83,11.1
7.2,0.34,0.36,6.7,0.038,26,98,0.9914,2.73,0.74,13.8
9.4,0.27,0.3,2.6,0.045,36,139,0.99534,2.91,0.64,10.2
6.5,0.29,0.27,5,0.038,37,97,0.99026,3,0.75,13.9
6.7,0.18,0.23,7.2,0.047,36,117,0.9945,3.14,0.58,10.6
5.8,0.3,0.31,3.7,0.049,25,153,0.99067,3.24,0.88,13.4
6.3,0.19,0.3,6.9,0.034,35,152,0.99642,3.27,0.55,9.4
7.5,0.29,0.51,15.8,0.039,62,204,0.9982,2.86,0.75,10.5
8.7,0.21,0.42,3.3,0.053,27,114,0.994,2.79,0.58,11
6.6,0.38,0.3,6.3,0.038,20,125,0.99204,3.16,0.88,13.9
7.1,0.29,0.17,2,0.042,21,144,0.99304,2.93,0.55,10.6
7.1,0.34,0.37,5.8,0.019,39,114,0.99036,2.88,0.64,14
7.1,0.2,0.35,3.5,0.04,41,186,0.99128,3.12,0.71,13.8
6.4,0.43,0.07,2.1,0.03,10,131,0.9905,2.77,0.43,11.9
6.2,0.24,0.54,8,0.046,58,176,0.99454,2.99,0.85,11.4
6.6,0.31,0.31,2.3,0.02,29,89,0.99035,3.06,0.59,13.6
7.4,0.28,0.29,2.6,0.045,53,180,0.9936,3.14,0.83,11.6
8.7,0.22,0.32,14.4,0.044,35,169,0.99975,2.92,0.62,9.7
6.4,0.21,0.3,12.2,0.046,53,149,0.99479,3.01,0.49,11.9
7.8,0.27,0.31,3.1,0.046,28,208,0.99434,3.03,0.79,10.8
7.6,0.17,0.36,3.4,0.049,38,123,0.996,3.4,0.61,11.3
7.1,0.34,0.24,2.8,0.025,32,102,0.9903,3.14,0.74,14.1
6.3,0.22,0.33,7.9,0.052,23,118,0.9938,3.03,0.61,11.4
5.9,0.3,0.19,15.5,0.042,37,115,0.99684,2.96,0.58,11.3
7,0.23,0.36,5.9,0.083,10,133,0.9942,3.13,0.52,11.9
5.9,0.2,0.23,8.9,0.033,22,130,0.9944,3.18,0.74,12
5.7,0.25,0.27,5.1,0.201,73.5,189.5,0.9942,3.07,0.53,10.3
6.5,0.25,0.27,13.9,0.044,69,215,0.9967,2.97,0.58,11
9,0.19,0.33,4.5,0.049,10,40,0.9944,2.94,0.51,10.8
7.7,0.33,0.46,12.8,0.088,61,183,0.99786,2.66,0.62,9.9
7.2,0.19,0.22,2.6,0.044,17,101,0.99471,3.17,0.68,11
7.8,0.32,0.27,2.2,0.04,25,106,0.9932,2.81,0.7,11.4
5.8,0.34,0.5,2,0.127,63,178,0.99212,2.9,0.6,10.7
7.2,0.29,0.5,14.3,0.056,68,195,0.9982,2.81,0.62,10.1
6.6,0.24,0.31,13.4,0.059,52,181,0.9984,3.31,0.62,10.8
8.6,0.17,0.28,1.8,0.032,25,78,0.99104,2.79,0.53,12.2
6.6,0.3,0.22,17.7,0.046,38,133,0.9979,3.02,0.82,11.4
6.9,0.29,0.49,8.6,0.057,25,156,0.9962,3.23,0.78,12.1
7.2,0.23,0.4,18.85,0.049,50,185,1,3.14,0.57,10.6
7.6,0.29,0.52,14.2,0.042,61,148,0.99839,2.78,0.62,10
7.3,0.24,0.41,2.8,0.037,52,165,0.9911,3.09,0.54,13.4
6.2,0.19,0.25,16,0.055,8,120,0.99767,2.99,0.68,10.6
5.9,0.21,0.38,2.3,0.046,24,90,0.99232,3,0.62,11
6.6,0.25,0.29,2.4,0.039,13,67,0.9915,2.85,0.64,12
6.9,0.58,0.42,13,0.067,24,131,0.99727,2.99,0.49,10.2
6.8,0.3,0.34,2.2,0.044,14,67,0.9919,2.85,0.62,11.7
7.5,0.12,0.38,2.1,0.023,42,104,0.99112,3.08,0.68,13
9.4,0.22,0.56,17.45,0.063,52.5,282,1.00098,2.9,0.66,10.2
6.5,0.28,0.25,11.6,0.039,32,120,0.9962,3.11,0.49,11.1
7.6,0.18,0.38,11.6,0.06,48,174,0.9962,2.93,0.53,11.6
9.8,0.24,0.74,11,0.056,36,225,0.9977,2.86,0.58,11
6.6,0.35,0.07,2.4,0.048,58,144,0.9922,2.97,0.53,11
7.1,0.2,0.28,3.7,0.034,23,111,0.99405,3.15,0.79,11.2
5.2,0.35,0.33,2.2,0.028,13,81,0.9902,3.17,0.53,12.9
7.1,0.19,0.36,12.6,0.042,45,124,0.997,2.72,0.74,10.5
6.2,0.41,0.49,7.4,0.045,12,115,0.9963,3.07,0.72,9.9
6.8,0.13,0.35,2.5,0.047,40,117,0.99111,2.87,0.87,12.2
8.1,0.16,0.44,15.1,0.053,43,145,1.0006,3.08,0.9,9.7
8,0.24,0.49,10,0.044,31,185,0.998,3.14,0.64,11
6.9,0.21,0.31,7.3,0.029,41,131,0.99326,2.88,0.64,11.9
6.5,0.35,0.3,3.2,0.033,39,107,0.98894,3.02,0.68,14.9
9.4,0.29,0.32,11.7,0.029,14,111,0.9958,2.65,0.57,11.7
6.6,0.22,0.2,12.4,0.044,45,131,0.99604,2.76,0.66,10.7
7.8,0.19,0.2,2.4,0.036,25,83,0.99088,2.83,0.61,12.9
5.2,0.34,0.02,2.6,0.031,24,104,0.9896,3.24,0.5,13.4
7.9,0.31,0.28,32.6,0.053,35,176,1.0103,2.95,0.53,9.7
7,0.25,0.59,2.4,0.037,40,120,0.9918,3.14,0.56,12.2
8.9,0.2,0.34,8.1,0.037,33,150,0.9962,2.9,0.6,10.7
8.7,0.29,0.21,6.6,0.039,28,67,0.99328,2.76,0.67,12.1
7.4,0.3,0.55,17.6,0.056,53,238,1.0017,2.76,0.73,9.6
6.5,0.13,0.32,3.7,0.037,18,89,0.9924,3.2,0.89,12.7
6.1,0.16,0.29,2.1,0.041,32,92,0.99036,3.06,0.72,12.3
6.6,0.21,0.53,16.1,0.052,22,136,0.9986,2.74,0.5,10.3
7.1,0.42,0.37,3.7,0.041,35,128,0.9896,2.87,0.58,14.9
7.4,0.31,0.26,16.6,0.049,67,210,0.99907,2.86,0.83,10.5
7.4,0.21,0.33,3,0.045,31,101,0.9931,3.22,0.7,12.5
6.1,0.25,0.28,2.7,0.043,24,98,0.98918,2.94,0.59,13.8
6.5,0.32,0.36,12,0.052,53,247,0.9984,3.24,0.7,10.2
5.8,0.3,0.19,20.4,0.031,28,106,0.99704,2.77,0.55,11.6
8,0.13,0.49,2.5,0.035,42,120,0.9928,3.06,0.55,11.7
6.2,0.29,0.17,3.8,0.04,24,125,0.9939,2.81,0.61,9.9
10,0.19,0.39,2.4,0.05,19,152,0.994,2.8,0.57,11.4
7.1,0.17,0.42,2.4,0.045,47,157,0.9916,2.75,0.46,11.6
6.2,0.29,0.2,7.6,0.045,42,170,0.9944,3.16,0.6,11.4
7.3,0.28,0.37,9.3,0.044,45,227,0.9966,2.92,0.62,9.9
6.1,0.2,0.3,7.3,0.039,47,136,0.99068,3.07,0.46,14
5.3,0.41,0.11,2.1,0.029,6,51,0.99076,3.31,0.63,12.3
6.4,0.33,0.51,8.8,0.055,53,177,0.99502,2.92,0.6,10.6
6,0.22,0.15,10.7,0.048,101,207,0.99571,2.85,0.45,10
7.4,0.29,0.22,6.25,0.053,33,180,0.9926,2.93,0.6,12.8
5.5,0.15,0.26,2.5,0.032,35,100,0.99076,3.23,0.92,13.2
5.9,0.24,0.27,2.5,0.029,37,81,0.9892,3,0.61,13.4
6.7,0.27,0.42,4.5,0.035,43,105,0.99021,2.98,0.53,13.4
7.3,0.25,0.31,2.6,0.04,39,173,0.9918,2.99,0.66,12.5
8,0.21,0.32,11.4,0.043,63,201,0.997,2.91,0.68,10.5
5.8,0.29,0.27,2.7,0.014,45,104,0.98914,3.2,0.71,13.9
6.9,0.34,0.28,14.55,0.048,51,189,0.99782,2.8,0.75,10.5
5.1,0.16,0.22,6.7,0.047,42,146,0.9934,2.98,0.7,10.9
6.8,0.38,0.29,3.8,0.044,27,97,0.9904,2.92,0.57,12.3
6.2,0.11,0.34,2.5,0.045,43,117,0.9939,3.22,0.66,9.9
5.9,0.2,0.24,13.1,0.044,53,165,0.9969,3.05,0.54,10.5
5.9,0.28,0.33,8.4,0.037,58,205,0.99495,3.06,0.56,10.6
7.1,0.32,0.86,2.4,0.174,36,99,0.99288,2.72,0.65,10.2
6.5,0.41,0.31,4.6,0.046,19,143,0.99022,2.95,0.49,13.2
6.4,0.27,0.28,4,0.04,19,98,0.99216,3.05,0.62,12.2
9.8,0.34,0.45,2.6,0.042,11,124,0.9944,2.73,0.61,11.9
5.2,0.23,0.15,8.1,0.043,32,134,0.99378,3.04,0.63,10.9
7.2,0.18,0.27,12.2,0.061,46,149,0.99772,2.79,0.74,10.2
6.1,0.19,0.17,2.6,0.048,46,129,0.991,3.1,0.58,12.5
6,0.21,0.25,12.1,0.056,112,177,0.9961,2.88,0.51,10.3
5.7,0.21,0.22,17.65,0.044,39,110,0.99855,3.04,0.63,9.9
6.4,0.26,0.3,2.6,0.04,19,86,0.99089,3.12,0.8,12.7
7.5,0.36,0.29,5.9,0.021,38,113,0.99026,2.88,0.63,14.3
6.2,0.27,0.33,2.7,0.029,24,111,0.99,3.04,0.65,13.3
6.5,0.08,0.33,2.9,0.028,23,93,0.991,3.14,0.85,13.2
7.1,0.27,0.35,4.5,0.028,35,91,0.99022,2.76,0.48,13.3
6.8,0.45,0.33,4.95,0.047,16,81,0.98988,3.03,0.68,14.7
8.7,0.43,0.4,2.5,0.067,17,100,0.9957,3.07,0.72,11.1
6.7,0.29,0.3,3.1,0.038,18,130,0.9928,3.16,0.78,11.7
6.6,0.36,0.15,5.6,0.044,25,78,0.9931,2.91,0.53,11.2
6.3,0.13,0.39,2.2,0.044,26,116,0.992,3.06,0.68,11.3
6.2,0.5,0.02,1.9,0.035,6,81,0.99234,3.04,0.5,10.5
8.6,0.15,0.49,8.3,0.043,9,63,0.9953,2.93,0.74,11.6
7.1,0.3,0.3,10.9,0.041,63,192,0.99642,2.92,0.64,11.2
6.3,0.38,0.24,6.1,0.036,43,131,0.99186,3.04,0.59,12.4
7.3,0.21,0.41,16.4,0.05,55,191,1,3.12,0.74,9.8
6.8,0.3,0.21,3.2,0.044,15,68,0.9932,2.97,0.54,10.3
6.1,0.34,0.26,9.15,0.035,14,88,0.99031,2.86,0.42,14.3
7,0.23,0.3,5.2,0.04,41,213,0.9927,3.08,0.64,13
7.5,0.25,0.25,2.7,0.038,29,129,0.99312,3.25,0.71,11.4
5.7,0.24,0.65,2.2,0.079,17,137,0.99307,3,0.57,10.3
7.2,0.45,0.16,6.9,0.048,14,125,0.99428,2.89,0.64,10.8
7.7,0.32,0.58,12.1,0.039,41,151,0.9978,2.86,0.64,9.5
6.4,0.45,0.06,2,0.03,9,131,0.9904,2.77,0.44,11.9
8.3,0.29,0.36,11,0.042,33,169,0.9982,3.03,0.66,10.2
6.8,0.25,0.26,3,0.019,23.5,72,0.99041,2.96,0.62,13
6.8,0.5,0.35,4.8,0.034,26,109,0.9906,3.06,0.72,14
6.2,0.19,0.29,12.8,0.035,21,93,0.99364,2.98,0.49,13.1
6.4,0.21,0.38,10.1,0.044,35,127,0.99326,2.77,0.45,12.1
6.3,0.39,0.22,8.3,0.035,23,117,0.99172,3,0.54,13.1
6.5,0.26,0.19,7.6,0.045,98,175,0.99364,2.96,0.49,11.1
6.6,0.25,0.22,19.15,0.05,23,139,0.99904,2.86,0.65,10.1
7.6,0.29,0.29,11.5,0.04,21,145,0.9966,2.84,0.5,10.3
6.7,0.23,0.26,13.6,0.053,44,182,0.99802,3.22,0.57,10.7
7,0.12,0.37,13.85,0.042,36,105,0.99581,2.85,0.7,11.8
5.2,0.15,0.34,1.8,0.029,26,77,0.99155,3.05,0.66,11.1
5.9,0.23,0.26,13.3,0.053,34,134,0.9972,3.14,0.6,10.5
6.6,0.27,0.23,11.4,0.049,45,190,0.99754,2.92,0.66,9.7
6.7,0.46,0.49,3.9,0.03,28,122,0.98926,2.93,0.55,14.3
6.2,0.24,0.38,8.9,0.045,54,208,0.99572,2.97,0.61,10
6.4,0.19,0.15,7.6,0.046,26,113,0.99408,2.79,0.73,10.9
6.4,0.31,0.28,2.1,0.038,30,110,0.9917,2.92,0.57,11.6
6.6,0.25,0.21,3.9,0.026,48,126,0.99089,3.02,0.53,12.4
5.9,0.25,0.25,13.5,0.034,38,152,0.9977,3.13,0.58,10.3
7.2,0.28,0.4,14.6,0.045,66,231,0.9977,2.88,0.74,10.6
7.8,0.29,0.74,2.8,0.033,33,156,0.991,3.09,0.67,14.1
6.5,0.22,0.36,17.3,0.038,43,133,0.99924,3.06,0.56,9.7
8.4,0.22,0.49,8.8,0.035,22,95,0.9935,2.84,0.49,13.2
6.4,0.27,0.27,12,0.042,45,148,0.99786,2.94,0.61,9.6
6.4,0.14,0.36,2.8,0.034,43,150,0.9922,3.22,0.84,12.1
7.7,0.29,0.34,2.2,0.048,4,119,0.99084,2.98,0.49,13.3
6.1,0.28,0.27,2.7,0.024,13,76,0.9893,3.01,0.66,13.9
6.4,0.33,0.28,2.6,0.037,31,113,0.98779,2.92,0.55,15.6
6,0.25,0.32,4.8,0.029,48,180,0.99011,2.95,0.49,13.2
7,0.16,0.36,7.4,0.055,42,123,0.99318,2.91,0.65,12.1
6.9,0.29,0.32,2.6,0.036,34,114,0.99068,2.99,0.6,12.5
5.8,0.26,0.2,8.3,0.04,42,145,0.99442,2.95,0.63,10.8
7.4,0.32,0.3,15.9,0.037,70,169,0.99698,3.05,0.52,11.4
6.2,0.19,0.33,6.4,0.028,21,75,0.99012,3.16,0.56,14.9
7.1,0.16,0.43,2.3,0.023,33,132,0.99067,2.91,0.71,12.9
8,0.26,0.24,2.2,0.044,20,102,0.9929,3.08,0.57,12
6.3,0.3,0.26,13,0.049,63,170,0.9961,2.94,0.7,10.9
6.8,0.35,0.28,2.9,0.024,64,106,0.98993,3.25,0.75,13.9
5.8,0.3,0.27,2.55,0.026,15,70,0.98994,3.17,0.55,13.1
8.8,0.37,0.35,2.8,0.096,22,80,0.99016,2.75,0.69,13.9
6.1,0.24,0.48,16.8,0.052,25,94,0.99782,2.87,0.6,10.1
5.7,0.21,0.29,4.5,0.04,27,146,0.98999,2.97,0.51,13.3
6.5,0.23,0.39,18.3,0.052,22,126,0.99888,2.91,0.62,10.1
6.8,0.18,0.71,18.5,0.042,21,114,0.99784,2.65,0.65,10.5
5.8,0.12,0.26,6.1,0.039,19,103,0.99478,3.16,0.62,10.2
6.8,0.3,0.23,4.3,0.026,31,99,0.9896,2.9,0.55,13.6
7.4,0.3,0.27,13.9,0.04,60,221,0.99831,2.85,0.81,10.3
6.8,0.43,0.28,27.05,0.031,27,122,1.00295,2.86,0.57,11.7
6,0.26,0.15,2.5,0.056,35,128,0.9936,2.92,0.6,9.7
6.8,0.25,0.48,7.2,0.049,55,182,0.99582,3.01,0.6,10.3
6.9,0.21,0.37,16,0.053,59,178,0.9992,3.17,0.97,10.5
6.5,0.44,0.24,12.5,0.051,56,171,0.99588,2.88,0.71,10.8
6.5,0.25,0.31,4.6,0.03,36,92,0.99026,3.02,0.77,13.9
7.4,0.19,0.37,17.95,0.048,43,190,0.9995,2.83,0.57,10.1
6.1,0.24,0.28,11,0.055,56,131,0.994,3.02,0.5,12
6.8,0.19,0.25,7.2,0.052,22,106,0.9935,2.89,0.69,11.9
6.6,0.21,0.3,15.7,0.045,50,136,0.99704,2.94,0.52,11.7
5.2,0.42,0.04,2.4,0.036,43,119,0.9894,3.16,0.48,13.3
5.6,0.25,0.18,2.4,0.034,18,135,0.99174,3.12,0.5,11.2
6.8,0.23,0.31,19.3,0.046,40,142,1,3.1,0.56,9.6
6.7,0.24,0.26,2.55,0.041,118.5,216,0.9949,3.35,0.78,10.3
7.9,0.31,0.26,2.2,0.044,23,103,0.9932,2.99,0.69,11.6
6.2,0.22,0.23,2.2,0.018,18,128,0.99178,2.85,0.43,11.7
5.8,0.27,0.18,2.2,0.058,7,108,0.99288,3.03,0.73,10.5
6.9,0.53,0.26,11.9,0.06,55,193,0.9969,3.01,0.59,10.3
7,0.32,0.1,4.5,0.044,17,63,0.9937,2.81,0.54,10.1
7.4,0.17,0.36,14.1,0.056,72,163,1,3.22,0.5,10
6,0.15,0.22,2.6,0.042,36,106,0.9905,3.04,0.47,12.5
5.1,0.33,0.26,7.8,0.034,36,120,0.99188,3.18,0.55,12.7
8,0.22,0.37,10.6,0.054,23,159,0.99795,3.12,0.62,10.8
6.6,0.15,0.4,2.5,0.044,48,143,0.9912,3.34,0.67,13.6
6.6,0.17,0.28,2.7,0.041,53,161,0.99207,2.93,0.6,11.2
7,0.58,0.26,2.7,0.051,25,161,0.9946,3.16,0.75,11.7
5.8,0.23,0.44,4.5,0.029,5,109,0.9913,3.33,0.58,12.9
6,0.1,0.47,11.6,0.052,69,148,0.9958,2.71,0.49,10.2
7.7,0.28,0.48,3.3,0.049,36,178,0.9931,2.97,0.79,11.7
6.7,0.34,0.28,9.3,0.034,29,81,0.99151,2.76,0.54,13.8
6.3,0.21,0.43,5.55,0.038,31,130,0.9918,3.15,0.48,12.7
4.9,0.45,0.17,2.9,0.035,60,148,0.98964,3.07,0.5,12.7
6.6,0.42,0.32,4,0.095,13,75,0.98954,2.9,0.78,14.1
6.7,0.22,0.42,12.2,0.047,52,171,0.99758,3.34,0.89,11.4
8.3,0.22,0.3,3.1,0.049,21,153,0.9953,2.89,0.65,10.6
5.7,0.28,0.16,8.9,0.044,48,197,0.99512,3.01,0.51,10.3
7,0.14,0.29,17.4,0.058,45,110,0.9978,2.95,0.52,10.7
7.4,0.18,0.49,7.7,0.037,15,110,0.9938,3,0.53,12.1
5.7,0.27,0.3,4.9,0.026,36,105,0.98963,3.06,0.73,14
5.3,0.26,0.24,8.4,0.038,28,114,0.99313,3.18,0.66,12.1
5.8,0.21,0.25,2.5,0.024,21,109,0.99234,3.17,0.73,11.4
8.3,0.18,0.49,2.2,0.051,11,137,0.9918,2.86,0.61,12.1
5.8,0.26,0.3,6.4,0.043,41,149,0.9926,3.13,0.57,11.9
8.1,0.28,0.49,8.1,0.042,22,124,0.9944,2.94,0.56,11.9
6.6,0.21,0.37,2.2,0.059,45,199,0.993,3.17,0.7,11.3
7,0.23,0.35,2.5,0.052,51,128,0.9941,3.21,0.74,11.4
6.5,0.22,0.2,8.5,0.05,44,179,0.99504,2.98,0.63,10.5
7.2,0.23,0.3,2.6,0.048,27,131,0.9933,3.05,0.6,11.6
7,0.26,0.74,2.3,0.173,34,121,0.99334,2.84,0.61,10.1
5.7,0.25,0.27,5.1,0.201,73.5,189.5,0.9942,3.07,0.53,10.3
7.4,0.17,0.4,2.6,0.047,22,102,0.9937,3.08,0.59,11.8
6.5,0.34,0.31,14.55,0.053,20,113,0.99544,3,0.71,12.1
8.6,0.32,0.36,2.4,0.045,11,119,0.99556,2.97,0.62,10.3
6.8,0.14,0.41,13.9,0.044,79.5,183,0.99742,3.04,0.93,11.2
6.5,0.27,0.34,5.6,0.054,22,130,0.99193,3,0.61,13.2
6.8,0.24,0.24,2.6,0.045,39,164,0.99402,3.33,0.73,11.9
6.4,0.19,0.32,4.1,0.041,18,126,0.9914,3.23,0.57,13.2
6.7,0.25,0.29,8.1,0.036,28,100,0.99534,2.88,0.51,10.2
5.8,0.39,0.13,2.4,0.04,11,64,0.9922,3.09,0.67,11.6
7.5,0.24,0.32,9.2,0.024,53,209,0.99563,2.92,0.61,11.9
5.3,0.31,0.3,2.2,0.048,25,119,0.99045,3.12,0.77,12.4
6.5,0.18,0.3,1.8,0.043,33,144,0.9936,3.22,0.54,10
8.1,0.29,0.31,2.1,0.041,49,123,0.9914,2.79,0.6,12.2
6.4,0.22,0.32,2.9,0.038,40,118,0.99074,3.12,0.68,13
7.5,0.25,0.38,6.7,0.021,23,125,0.99338,2.93,0.77,12.2
7,0.23,0.24,10,0.03,42,219,0.99636,3.27,0.61,11.2
6.9,0.2,0.33,2.8,0.034,48,136,0.9899,3.05,0.56,13.9
6.2,0.21,0.28,3.2,0.04,24,125,0.9917,2.99,0.63,11.6
4.8,0.12,0.32,2.2,0.042,40,98,0.9898,3.22,0.79,13
5.2,0.27,0.29,2.1,0.028,18,69,0.99168,3.04,0.69,11
6.4,0.15,0.31,6.3,0.043,42,157,0.99455,3.15,0.62,11.6
8.6,0.29,0.3,1.9,0.045,16,109,0.99249,2.75,0.54,11.1
7,0.11,0.29,11.3,0.039,41,98,0.99564,2.99,0.53,10.8
5.8,0.28,0.05,1.8,0.038,11,30,0.9924,3.16,0.5,10.1
6.6,0.23,0.27,16.8,0.035,46,188,0.9982,3.04,0.66,10.1
9.8,0.34,0.46,11.5,0.038,4,83,0.9956,2.69,0.45,11.1
7,0.15,0.25,15.3,0.044,27,149,0.998,2.71,0.61,10.1
6,0.64,0.07,2.2,0.06,9,108,0.9931,2.91,0.5,9.6
6.6,0.14,0.34,6.1,0.055,34,125,0.9942,3.16,0.57,10.6
6.5,0.22,0.45,3.1,0.027,43,104,0.99054,2.82,0.67,12.4
6.2,0.15,0.34,2.7,0.038,85,153,0.9909,3.13,1.01,13.2
7,0.26,0.32,7.8,0.047,47,193,0.9938,3.03,0.54,12.5
7.3,0.21,0.37,15.3,0.063,48,191,0.9978,2.69,0.53,9.9
7.8,0.25,0.49,4.1,0.045,21,116,0.9931,2.96,0.5,11.3
5.8,0.29,0.38,5.9,0.039,22,86,0.98963,3.03,0.73,14.4
6.9,0.25,0.29,5.2,0.043,33,114,0.9902,2.96,0.46,13.8
5.6,0.18,0.19,8.1,0.048,36,110,0.99438,3.06,0.56,10.5
7.2,0.15,0.35,2.2,0.031,27,84,0.9928,3.13,0.49,10.9
5,0.31,0.18,5.6,0.032,40,124,0.99114,2.98,0.55,12.1
7.1,0.3,0.24,14.1,0.05,52,204,0.998,2.9,0.64,9.7
7,0.29,0.28,3.2,0.042,21,177,0.99166,3,0.72,12.5
6.3,0.39,0.18,4.5,0.027,23,109,0.99018,3.14,0.69,14.1
5.9,0.48,0.05,3.6,0.054,36,146,0.9948,3.23,0.65,10.1
7.3,0.18,0.24,7.3,0.054,34,231,0.9964,3.16,0.69,11
7,0.19,0.49,6.9,0.038,39,128,0.9938,3.01,0.63,11.9
6.4,0.17,0.28,18.05,0.047,53,139,0.99724,3.05,0.5,11.6
7.6,0.16,0.36,5.5,0.042,26,102,0.99427,2.89,0.62,10.5
6.5,0.22,0.25,18.3,0.046,15,110,0.99828,2.95,0.57,10.1
7.6,0.3,0.58,17.75,0.05,43,163,0.9999,2.95,0.69,10.1
6.2,0.19,0.26,2.7,0.093,40,161,0.9924,3.24,0.81,12.1
5.5,0.13,0.27,5.6,0.029,22,104,0.9949,3.14,0.59,9.9
6.4,0.4,0.19,10.3,0.043,28,145,0.99433,3.03,0.68,12.1
7.7,0.19,0.44,14.9,0.05,44,130,0.99855,2.91,0.63,11
7.3,0.14,0.33,2.1,0.042,14,64,0.99012,2.9,0.52,13
7.5,0.19,0.41,2.2,0.05,26,131,0.99133,2.99,0.67,12.2
7.2,0.17,0.31,2.1,0.045,20,73,0.9925,3.12,0.55,11.9
6.3,0.26,0.37,8.9,0.047,58,215,0.99542,2.99,0.63,10.5
5.6,0.33,0.14,6,0.046,48,198,0.9937,3.1,0.86,11.3
5.7,0.21,0.22,17.65,0.044,39,110,0.99855,3.04,0.63,9.9
6.5,0.28,0.25,3.5,0.142,8,111,0.9927,2.8,0.59,10.9
5.6,0.31,0.28,2.2,0.031,33,97,0.99126,3.29,0.73,12
9.3,0.19,0.33,2.7,0.05,28,178,0.9954,2.96,0.58,9.9
6.6,0.2,0.34,6.6,0.046,30,140,0.99299,3.02,0.53,12.1
6,0.26,0.27,2.6,0.046,32,113,0.9924,3.21,0.66,11.6
7.6,0.37,0.32,4.6,0.035,22,93,0.99144,2.88,0.75,13.8
6,0.27,0.25,2.8,0.042,8,108,0.9929,2.88,0.7,9.9
9.4,0.25,0.53,2.2,0.047,25,109,0.9921,3.03,0.43,13.8
5,0.29,0.33,4.7,0.03,54,173,0.9887,3.16,0.45,14.3
8.6,0.22,0.46,2,0.054,9,72,0.9941,2.75,0.64,10
6.3,0.23,0.29,14.7,0.035,53,134,0.99567,2.97,0.53,11.7
9.6,0.62,0.21,3,0.039,21,120,0.99188,2.8,1.15,13.9
6.3,0.26,0.37,8.9,0.047,58,215,0.99542,2.99,0.63,10.5
6.5,0.39,0.22,5.8,0.052,49,142,0.9946,2.94,0.77,10.1
9.8,0.42,0.4,3.8,0.036,35,167,0.9956,2.77,0.54,10.1
7.3,0.24,0.36,14.1,0.05,35,200,0.9986,2.84,0.61,9.8
7.3,0.23,0.39,18.95,0.057,45,149,0.9999,3.01,0.51,9.5
6,0.3,0.3,2.3,0.025,18,112,0.98802,2.87,0.79,14.6
6.8,0.33,0.32,3.4,0.048,35,103,0.9911,3.08,0.61,13.2
6.7,0.15,0.32,13.5,0.035,18,156,0.99666,2.68,0.51,9.9
7.4,0.25,0.43,7,0.022,22,125,0.9928,2.93,0.7,12.7
6.4,0.17,0.48,19,0.054,56,183,1.00038,2.78,0.76,9.4
7.8,0.2,0.27,2.2,0.051,20,89,0.9936,2.86,0.61,10
9.4,0.28,0.55,3.2,0.05,17,119,0.9962,2.92,0.84,11.3
5.9,0.29,0.3,8.7,0.047,60,206,0.995,3,0.54,10.6
6.5,0.27,0.35,16.4,0.042,55,195,0.9978,3.03,0.65,10.6
7.2,0.22,0.25,19.8,0.085,19,111,1.00044,2.9,0.66,9.6
6.7,0.21,0.22,2.2,0.038,5,124,0.99098,2.9,0.52,12.3
7.5,0.29,0.4,19.9,0.059,44,170,1,2.79,0.61,9.9
6,0.28,0.21,2.3,0.055,42,168,0.9914,3.12,0.58,12.2
7.2,0.2,0.36,16.7,0.045,68,183,0.99922,3.05,0.91,10.3
6.4,0.23,0.28,12.5,0.05,34,163,0.9969,3.11,0.6,10.5
7.3,0.32,0.39,6.2,0.04,45,163,0.9925,3.1,0.62,13.6
6.6,0.25,0.27,2.5,0.04,19,114,0.99295,3.16,0.77,11.6
7.2,0.42,0.28,4.4,0.048,22,112,0.99188,3.01,0.52,12.4
7.3,0.29,0.74,14.5,0.039,46,165,0.9982,2.82,0.55,9.6
7.4,0.31,0.26,16.6,0.049,67,210,0.99907,2.86,0.83,10.5
5.1,0.31,0.27,7.7,0.022,44,129,0.99221,3.16,0.54,12.1
6.5,0.25,0.32,17.5,0.045,44,166,1,3.18,0.61,10.5
7.7,0.32,0.3,9,0.048,25,192,0.9951,2.77,0.62,12
10.7,0.21,0.56,9.2,0.044,37,181,0.998,2.67,0.83,10.5
6.8,0.27,0.36,8,0.043,60,207,0.99556,2.96,0.64,10.6
5.2,0.2,0.31,2.7,0.048,17,61,0.98953,3.04,0.52,13.2
5.8,0.25,0.3,3.6,0.034,75,129,0.9902,3,0.53,12.7
6.3,0.32,0.36,5.9,0.035,31,185,0.9946,2.95,0.64,10.7
5.8,0.2,0.32,2.6,0.045,38,95,0.98946,3.03,1.09,13.6
7,0.23,0.18,2.3,0.046,9,62,0.994,3.18,0.62,11.1
6.6,0.39,0.27,11.7,0.11,20,103,0.99672,2.88,0.56,9.9
5.2,0.24,0.23,2.4,0.047,20,77,0.99001,3.12,0.77,12.5
7.2,0.19,0.38,2,0.037,21,74,0.9918,3.01,0.52,12.1
6.4,0.17,0.32,10.6,0.052,24,90,0.9963,3.15,0.64,10.3
7.2,0.19,0.34,3.7,0.032,49,151,0.99,2.96,0.54,14
7.4,0.17,0.36,14.1,0.056,72,163,1,3.22,0.5,10
6.5,0.29,0.29,3.25,0.037,8,210,0.9937,2.99,0.77,10.9
7.2,0.22,0.38,15.3,0.058,55,194,0.9979,2.89,0.59,9.9
5.3,0.38,0.07,2.3,0.035,26,102,0.992,3.3,0.5,11.7
6.2,0.25,0.29,3,0.036,16,87,0.99081,3.13,0.76,13
9.2,0.27,0.46,4.2,0.058,39,133,0.996,2.94,0.73,10.5
8.1,0.29,0.49,13.3,0.049,50,144,0.9971,2.89,0.72,11.2
7,0.3,0.27,8.1,0.027,37,122,0.99165,2.95,0.75,13.9
6.5,0.31,0.32,2,0.041,39,120,0.99004,2.86,0.52,13.4
6.4,0.15,0.37,2.5,0.037,27,109,0.99345,3.18,0.65,10.8
7.1,0.34,0.37,5.8,0.019,39,114,0.99036,2.88,0.64,14
6.1,0.32,0.24,19.35,0.05,33,184,0.99943,2.92,0.76,10.2
7.2,0.29,0.41,9.6,0.053,15,89,0.9976,3.09,0.79,10.9
7.7,0.37,0.3,6.2,0.037,29,131,0.9943,3.18,0.59,12.1
6.7,0.23,0.41,9.7,0.036,29,148,0.9952,3.02,0.77,10.9
6.9,0.23,0.39,2.3,0.063,18,136,0.9928,3.11,0.63,11.4
7.6,0.3,0.58,17.75,0.05,43,163,0.9999,2.95,0.69,10.1
6.9,0.38,0.42,7.2,0.066,41,176,0.99552,2.92,0.69,10.3
6.7,0.45,0.34,9.9,0.043,31,172,0.9964,3.02,0.75,10.1
6,0.32,0.32,4.8,0.044,13,116,0.99108,3.19,0.59,13
7.6,0.35,0.51,12.7,0.094,58,181,0.99776,2.71,0.66,9.9
7.2,0.14,0.39,2.8,0.043,21,159,0.9948,3.32,0.62,11
6.5,0.17,0.34,2.6,0.04,43,148,0.9912,3.12,0.74,12.7
6.9,0.22,0.33,13.8,0.056,44,169,0.998,3.22,0.57,10.8
6.5,0.12,0.27,3.6,0.035,32,76,0.9914,3.01,0.91,12.5
8.2,0.35,0.27,2.7,0.028,10,59,0.9923,2.77,0.63,11.4
6.4,0.4,0.46,9.4,0.05,58,180,0.99495,2.98,0.61,10.7
6.5,0.33,0.28,13.4,0.051,86,213,0.9962,2.96,0.66,10.9
6.3,0.2,0.28,2.5,0.051,46,142,0.9928,3.03,0.57,11.1
7.1,0.17,0.39,15.5,0.051,48,156,0.99947,3.15,0.93,10
5.7,0.13,0.3,6.4,0.045,26,105,0.99469,3.12,0.6,10.2
6.6,0.26,0.52,9.1,0.044,53,202,0.99548,2.98,0.63,10.5
5.7,0.3,0.5,3.6,0.049,17,155,0.9927,3.02,0.79,11
6.1,0.23,0.3,2.5,0.045,22,61,0.992,3.11,0.69,11.4
8.2,0.34,0.29,8.6,0.035,37,122,0.9939,2.96,0.49,13.2
5.8,0.22,0.21,2.5,0.044,21,110,0.99138,3.1,0.72,12.1
7.1,0.42,0.27,9.4,0.057,60,160,0.99257,2.96,0.51,13
6.6,0.25,0.25,12.6,0.045,45,178,0.99691,3.13,0.58,10.8
6.6,0.32,0.27,7.2,0.059,23,136,0.9957,3.1,0.64,11.1
7.4,0.26,0.49,2.1,0.037,33,156,0.992,2.95,0.69,12.2
6.1,0.17,0.38,3.3,0.033,28,111,0.98962,2.96,0.64,13.6
6.5,0.41,0.28,12.25,0.032,31,87,0.9922,2.82,0.53,13.6
7.3,0.29,0.25,7.65,0.032,30,138,0.99244,2.7,0.52,12.2
6.5,0.14,0.44,13.6,0.052,65,158,0.99688,3.06,0.85,11.3
8,0.34,0.39,2.6,0.024,26,93,0.99116,2.95,0.64,13.1
7.8,0.23,0.38,3.1,0.058,14,167,0.994,3.01,0.7,10.9
7.3,0.21,0.26,2.5,0.04,32,172,0.99194,3.07,0.63,12.3
7.3,0.13,0.49,2.1,0.038,28,99,0.9928,3,0.87,11.7
6.4,0.35,0.19,4.5,0.068,18,101,0.9934,2.83,0.53,9.9
7.3,0.21,0.49,10.9,0.031,48,161,0.9937,2.81,0.43,12.3
7.6,0.33,0.46,15.7,0.047,33,151,0.99709,2.83,0.68,11.3
7.4,0.2,0.27,8.3,0.031,41,144,0.9932,2.95,0.53,13
6.8,0.3,0.3,4.3,0.029,15,80,0.99061,3.13,0.78,13.9
10.3,0.16,0.47,2.4,0.037,5,33,0.9939,2.69,0.43,10.6
6.2,0.45,0.19,9.3,0.029,24,142,0.992,3.02,0.6,13.5
6.2,0.2,0.27,2.7,0.038,41,150,0.9933,3.29,0.86,11.6
6.3,0.19,0.26,2.6,0.027,36,141,0.99268,3.33,0.71,11.9
8.4,0.21,0.3,2.3,0.038,45,122,0.99178,2.93,0.69,11.9
6.4,0.22,0.39,2.8,0.032,23,118,0.9912,3.12,0.65,13
6.7,0.26,0.33,4.6,0.034,9,45,0.99144,2.88,0.55,11.6
7.2,0.18,0.31,7.3,0.034,17,103,0.99305,2.95,0.67,12.5
8.1,0.26,0.33,2.3,0.045,26,100,0.99066,2.78,0.59,13.6
7.3,0.18,0.27,14.9,0.057,45,155,0.99807,2.74,0.56,9.7
7,0.34,0.35,3.5,0.048,67,161,0.99146,2.85,0.71,12.2
6.8,0.67,0.25,4.2,0.048,10,57,0.996,3.16,0.67,10.5
7.6,0.29,0.23,13.7,0.054,20,139,0.99836,2.96,0.65,10.7
8.5,0.24,0.27,5.7,0.031,31,92,0.9922,2.81,0.48,13.2
6.9,0.42,0.27,6,0.038,33,166,0.99124,3,0.57,13.4
6.8,0.54,0.29,3.2,0.04,15,77,0.9938,3.12,0.89,11.2
7.6,0.64,0.14,2.5,0.074,25,168,0.9937,2.85,0.66,10.2
7,0.46,0.12,5.5,0.05,23,86,0.99398,2.66,0.5,9.9
8.2,0.29,0.44,13.4,0.043,52,154,0.99452,2.84,0.48,13.2
6,0.13,0.37,2.2,0.032,63,148,0.99185,3.12,0.59,12.3
6.5,0.29,0.28,12.45,0.041,29,109,0.99418,2.78,0.45,12
5.8,0.3,0.38,5.75,0.033,23,94,0.991,3.22,0.57,13
7.2,0.23,0.29,4,0.036,17,117,0.99411,3.16,0.83,11.1
6.4,0.17,0.74,12.9,0.046,54,168,0.9978,3.38,0.83,11.1
5.7,0.2,0.25,2.1,0.035,26,81,0.9902,3.11,0.67,12.5
6.1,0.14,0.29,7.2,0.046,39,151,0.99471,3.4,0.59,11.7
6.5,0.28,0.52,8.9,0.049,35,192,0.99551,2.96,0.66,10.5
8.3,0.26,0.39,3.4,0.058,16,107,0.9955,3.08,0.74,11.3
8.5,0.22,0.34,2.3,0.035,54,110,0.99176,2.87,0.7,12.1
8.3,0.25,0.31,3,0.029,14,141,0.99077,2.75,0.92,13.4
7.6,0.19,0.31,2.4,0.047,41,142,0.9934,3.23,0.68,11.1
7.1,0.34,0.2,2.6,0.271,24,140,0.99356,2.91,0.78,10.8
7,0.25,0.26,11.8,0.039,37,184,0.99787,3.27,0.73,11.3
5.8,0.32,0.16,8,0.037,26,116,0.9949,3.26,0.6,11
7.7,0.27,0.29,7.9,0.041,29,163,0.9952,3.24,0.75,11.6
7.9,0.21,0.24,5.6,0.044,39,159,0.9927,2.79,0.43,12.7
7.4,0.26,0.48,2.1,0.047,17,132,0.9914,2.99,0.64,12.8
5.7,0.1,0.27,2.3,0.047,21,100,0.9928,3.07,0.61,10.5
6.6,0.22,0.3,15.9,0.051,33,118,0.99835,2.84,0.69,9.9
6.3,0.29,0.34,2.6,0.049,14,132,0.994,3.1,0.64,10.5
7.1,0.31,0.64,14.2,0.056,12,105,0.9972,2.85,0.54,10.1
6.6,0.29,0.07,2.5,0.033,55,144,0.99208,2.96,0.57,11
6.4,0.35,0.49,14.3,0.045,53,243,0.9982,2.94,0.63,9.4
6.2,0.23,0.25,13.5,0.055,47,134,0.99758,3.1,0.66,9.9
6.7,0.45,0.29,5.75,0.034,29,134,0.99056,3.09,0.61,14.3
7.7,0.27,0.33,7.7,0.037,32,155,0.9951,3.19,0.77,11.8
6.4,0.17,0.35,2,0.045,39,108,0.9911,3.11,0.5,12
6.2,0.33,0.29,8.3,0.044,56,244,0.9956,3.16,0.7,11
6.6,0.26,0.33,2.4,0.042,24,183,0.99215,3.09,0.61,11.8
7.2,0.2,0.31,11.5,0.035,36,122,0.99478,2.92,0.55,11.7
6.7,0.17,0.3,7.4,0.048,40,251,0.9956,3.09,0.67,11
5.5,0.14,0.32,15,0.031,16,99,0.99437,3.06,0.53,12.7
6.3,0.14,0.3,2.4,0.022,38,100,0.99099,3.22,0.72,12.5
7.2,0.3,0.33,2.4,0.029,29,109,0.9902,2.95,0.66,14.1
5.6,0.32,0.25,3.5,0.046,47,182,0.99093,3.01,0.55,12.4
8.4,0.16,0.31,7.7,0.038,29,132,0.9945,2.9,0.47,11.7
5,0.31,0.16,2.5,0.049,10,97,0.9917,3.28,0.59,11.8
6.5,0.25,0.31,2.3,0.034,59,145,0.98944,2.96,0.69,13.6
6.6,0.19,0.32,2.1,0.039,25,78,0.9926,3.19,0.69,11.2
7.2,0.25,0.38,2.5,0.061,12,120,0.99192,2.98,0.61,11.4
6.2,0.27,0.41,6,0.043,50,188,0.99318,3.03,0.79,11.9
6.8,0.29,0.3,9,0.028,33,122,0.99164,2.93,0.78,13.9
6.6,0.26,0.25,4.1,0.052,41,188,0.9915,3.04,0.55,12.4
7.8,0.17,0.46,14.6,0.052,38,118,0.998,2.95,0.65,11
6.6,0.31,0.32,16.6,0.054,62,227,0.99734,3.05,0.71,11.4
7.3,0.24,0.36,3.1,0.034,30,177,0.99085,3.05,0.55,13.1
7.2,0.27,0.3,11.7,0.044,61,222,0.9972,2.94,0.65,10
7.3,0.33,0.67,9.3,0.053,10,100,0.9959,2.99,0.65,12
6.5,0.27,0.34,10.9,0.038,30,133,0.9954,2.91,0.59,10.8
6.2,0.29,0.32,2.2,0.052,32,185,0.99266,3.08,0.59,11.1
7.2,0.26,0.27,3.4,0.048,30,149,0.9936,2.9,0.66,10.1
8.4,0.19,0.38,12.8,0.055,51,170,1.0004,3.14,0.97,9.8
6.2,0.27,0.22,8.3,0.041,26,157,0.9957,3.24,0.79,10.8
6.6,0.24,0.3,15.4,0.052,40,183,0.998,2.82,0.65,10
6.4,0.28,0.57,2,0.06,15,120,0.9924,2.86,0.56,10.5
7.2,0.14,0.38,2.2,0.038,18,110,0.9917,2.99,0.58,12.2
6.6,0.23,0.27,2.4,0.057,33,152,0.9934,3.02,0.71,10.5
6.6,0.22,0.29,15.45,0.057,29,144,0.99756,3.13,0.69,11.2
6.3,0.3,0.17,18.75,0.06,51,190,0.99916,2.93,0.63,9.7
6.9,0.71,0.13,7.3,0.036,19,50,0.99312,2.89,0.4,12.2
5.5,0.17,0.22,6.5,0.037,10,86,0.99156,3.26,0.59,13.4
6.2,0.28,0.23,13.4,0.048,33,201,0.99612,2.91,0.71,10.9
6.3,0.2,0.29,12.7,0.048,49,147,0.99482,3.02,0.53,11.9
6.4,0.3,0.27,5.9,0.034,18,122,0.9916,3.16,0.86,13.8
8,0.43,0.36,9.8,0.026,50,151,0.9927,2.87,0.4,14
7,0.52,0.05,9,0.036,19,164,0.99269,3.06,0.61,13.4
7.5,0.28,0.31,9.95,0.055,20,151,0.9968,2.88,0.69,10.2
6.5,0.2,0.35,6.7,0.043,47,197,0.99392,3.04,0.65,11.1
9.2,0.3,0.42,2.3,0.046,14,186,0.9949,2.88,0.63,10.6
7.6,0.26,0.29,3.5,0.059,37,115,0.99328,2.89,0.52,10.8
6.6,0.22,0.32,2.5,0.041,8,72,0.98949,3.02,0.54,14
6.6,0.21,0.23,18.3,0.047,37,118,0.99906,2.88,0.61,9.7
7.4,0.18,0.31,15.5,0.045,39,193,0.9986,2.9,0.65,10.1
6.1,0.44,0.32,7.2,0.053,10,94,0.99537,3.15,0.62,11.1
7.5,0.25,0.59,12.8,0.046,58,164,0.99814,2.97,0.61,9.8
7.9,0.34,0.53,13.9,0.049,63,139,0.99792,2.74,0.6,10
5.6,0.17,0.29,3.3,0.04,5,47,0.99126,2.87,0.6,11.1
6.3,0.21,0.34,2.2,0.036,32,96,0.98961,2.86,0.89,12.8
7,0.16,0.31,5.8,0.034,34,132,0.9944,3.16,0.63,10.6
6.7,0.17,0.3,7.4,0.048,40,251,0.9956,3.09,0.67,11
7.1,0.25,0.32,15.45,0.074,29,107,0.998,2.76,0.57,10.1
6.9,0.17,0.38,9.1,0.049,44,176,0.9958,3.1,0.69,10.8
5.8,0.58,0.01,9.4,0.041,31,104,0.9909,3.06,0.87,15.5
7.1,0.41,0.61,12.8,0.045,54,155,0.9974,2.91,0.6,9.6
8.2,0.17,0.49,2.1,0.033,28,81,0.9923,2.8,0.83,11.4
6.7,0.29,0.44,19.5,0.057,65,224,0.99956,2.91,0.68,10
6.6,0.24,0.35,3.9,0.034,38,121,0.99008,2.99,0.55,14.1
6.4,0.21,0.32,5.9,0.046,50,156,0.99316,3.18,0.7,12.3
7.4,0.3,0.55,17.6,0.056,53,238,1.0017,2.76,0.73,9.6
6.9,0.21,0.43,7.4,0.042,34,115,0.99293,2.85,0.66,11.9
6.9,0.26,0.49,24.5,0.057,59,235,1.0024,2.78,0.62,9.5
5.9,0.16,0.3,2.4,0.042,25,119,0.9931,3.48,0.87,11.6
5.6,0.32,0.3,7.9,0.038,23,89,0.99266,3.05,0.64,12.2
6.5,0.17,0.31,2.7,0.044,30,127,0.9928,3.29,0.65,11.2
6.6,0.27,0.49,12.4,0.035,57,137,0.99732,2.88,0.69,9.8
6,0.29,0.32,8.4,0.175,47,159,0.9952,2.99,0.65,10.3
5,0.58,0.12,2.3,0.009,65,100,0.9874,3.06,0.52,14.9
7.2,0.26,0.28,16.2,0.046,6,41,0.99665,2.97,0.54,12
8.4,0.26,0.3,3.2,0.037,36,129,0.99085,2.69,0.45,12.6
7,0.17,0.49,6.3,0.04,34,125,0.9914,3.04,0.55,13.4
5.4,0.17,0.24,5.8,0.041,30,113,0.99445,3.22,0.55,10.3
6,0.21,0.28,2.1,0.034,47,90,0.98862,3.02,0.53,13.9
6.3,0.12,0.42,2.1,0.043,63,146,0.99066,2.93,0.87,12.3
7.2,0.26,0.28,16.2,0.046,6,41,0.99665,2.97,0.54,12
6.5,0.25,0.34,17.3,0.051,56,197,1.0004,3.29,0.57,10.8
5.3,0.29,0.16,5.2,0.029,37,100,0.9905,3.1,0.51,13
7.5,0.2,0.68,11.9,0.045,38,133,0.9978,2.8,0.51,9.6
5.5,0.11,0.33,2,0.038,23,131,0.99164,3.05,0.6,10.8
7.1,0.29,0.17,2,0.042,21,144,0.99304,2.93,0.55,10.6
7.1,0.13,0.4,2.2,0.051,55,136,0.9932,3.1,1.11,10.8
7.6,0.46,0.37,2.2,0.034,5,57,0.99256,2.85,0.69,11.4
7.4,0.34,0.33,2.4,0.025,27,55,0.9915,3.01,0.48,12.3
7.5,0.31,0.48,20.45,0.048,55,243,1.001,2.75,0.55,9.7
7,0.16,0.37,6.7,0.025,29,111,0.9938,3,0.64,11.9
7.4,0.15,0.3,2.4,0.064,34,166,0.99136,2.91,0.57,12.6
7.6,0.14,0.35,5.3,0.051,23,98,0.99422,2.9,0.59,10.5
6.9,0.18,0.28,6,0.058,14,146,0.9952,3.09,0.51,10
5.5,0.29,0.25,2.9,0.029,33,118,0.98972,3.16,0.81,13.8
6.4,0.22,0.37,8.9,0.05,60,150,0.99488,2.66,0.64,10.2
6,0.28,0.21,16.55,0.043,20,142,0.99658,2.91,0.69,11.1
7.4,0.15,0.34,3.3,0.045,73.5,214,0.9934,2.98,0.76,10.9
7.3,0.29,0.25,3.5,0.045,32,122,0.99329,2.98,0.69,11.3
6.5,0.3,0.2,7.6,0.041,9,126,0.99494,2.74,0.66,9.7
6.6,0.34,0.52,11.1,0.05,29,140,0.99628,2.87,0.55,10.3
6.6,0.36,0.36,10.2,0.061,42,214,0.9976,3.11,0.71,10.3
5.7,0.34,0.21,7.7,0.038,51,166,0.9941,3.09,0.78,11
8.2,0.19,0.49,4.5,0.057,14,108,0.9928,2.99,0.5,12.7
6.6,0.33,0.29,15.4,0.044,54,177,0.9991,2.97,0.73,9.8
6.7,0.22,0.31,3.1,0.046,30,96,0.9926,3.13,0.79,11.8
6.4,0.28,0.32,3.4,0.014,34,89,0.99008,3.04,0.81,13.8
7.2,0.18,0.31,7.3,0.034,17,103,0.99305,2.95,0.67,12.5
6.9,0.28,0.16,7.8,0.034,65,212,0.9955,2.88,0.54,9.9
5.7,0.34,0.34,5.2,0.026,21,77,0.9907,3.21,0.6,13.1
7.4,0.19,0.37,17.95,0.048,43,190,0.9995,2.83,0.57,10.1
6.1,0.29,0.56,3.8,0.044,47,179,0.9924,3.1,0.72,12
7.1,0.27,0.26,2.9,0.049,12,86,0.9934,2.95,0.53,10.3
5.7,0.27,0.28,3.2,0.019,15,65,0.9902,2.86,0.67,12.3
6.9,0.42,0.18,12.8,0.051,26,126,0.9975,3.03,0.63,10
6.4,0.24,0.37,5.5,0.039,41,147,0.9921,2.98,0.55,12.2
6.8,0.25,0.34,14.9,0.034,39,134,0.9949,3.13,0.68,13.2
6.5,0.08,0.33,2.9,0.028,23,93,0.991,3.14,0.85,13.2
6.9,0.27,0.37,10.1,0.037,16,76,0.9948,2.85,0.69,12.2
6,0.31,0.2,2.8,0.031,49,159,0.9919,3.21,0.68,12.1
7.3,0.31,0.4,7.85,0.038,32,138,0.992,2.83,0.45,13.1
9.2,0.14,0.68,2.6,0.046,22,130,0.9948,2.82,0.6,11.4
7.2,0.24,0.28,15.4,0.055,55,205,0.9986,2.92,0.53,9.9
6.3,0.21,0.34,6,0.032,36,93,0.99012,3.07,0.51,14.9
7.2,0.31,0.28,2.4,0.034,26,109,0.99246,3.08,0.72,11.7
6.6,0.36,0.29,3.9,0.035,15,101,0.98916,2.84,0.52,13.8
7.3,0.23,0.43,3,0.021,20,69,0.99,2.88,0.71,13.4
6.1,0.27,0.27,5.7,0.03,56,140,0.99042,2.96,0.57,13.8
6.5,0.33,0.31,11.2,0.069,58,170,0.99692,2.98,0.64,10.3
7.5,0.31,0.36,3.6,0.051,26,126,0.99097,3.12,0.68,14
7.9,0.17,0.33,2.2,0.033,20,72,0.9922,2.92,0.53,11.6
7,0.19,0.34,3.1,0.049,12,136,0.9922,3.05,0.61,12.8
6.7,0.1,0.34,9.8,0.043,41,113,0.9962,3.22,0.55,10.2
7.2,0.23,0.27,12.4,0.034,40,174,0.99773,3,0.59,9.9
5.8,0.3,0.2,3.6,0.027,17,123,0.98936,3.16,0.93,15.3
8,0.24,0.26,15,0.043,41,248,0.9986,2.83,0.72,9.6
7,0.3,0.24,7.2,0.048,31,228,0.9957,3.03,0.77,10.3
5.4,0.29,0.3,2.2,0.029,25,93,0.98742,3.11,0.55,15
7.7,0.26,0.49,2.8,0.041,23,86,0.9914,2.96,0.57,13.8
6.7,0.25,0.22,9.6,0.048,54,198,0.9955,3.05,0.56,11.2
5.8,0.29,0.32,5.5,0.024,28,94,0.98906,3.05,0.67,15.1
6.1,0.27,0.25,18.75,0.044,48,161,0.9993,3.14,0.63,10.5
7.2,0.18,0.31,2.4,0.046,37,135,0.9939,3.14,0.72,11.2
5.8,0.19,0.24,2.4,0.033,65,169,0.99043,3.39,0.71,13.5
7.2,0.22,0.39,15.2,0.058,49,192,0.9979,2.78,0.63,9.9
7.1,0.25,0.3,3,0.031,13,128,0.9917,2.99,0.64,12.5
6.2,0.31,0.27,5.9,0.036,30,134,0.9927,3,0.57,11.4
5.6,0.18,0.26,2.4,0.03,12,76,0.9905,3.05,0.52,12
6.2,0.29,0.3,3.5,0.041,29,82,0.99065,3.11,0.76,13
7.4,0.15,0.27,16.5,0.05,25,135,0.9984,2.7,0.58,9.6
6.1,0.24,0.18,11.5,0.049,41,124,0.9963,2.94,0.5,11.6
5,0.42,0.04,19.6,0.039,38,128,0.9985,3.17,0.72,11.2
7.5,0.14,0.38,2.8,0.054,19,101,0.9946,3.04,0.59,11
6.3,0.22,0.49,8.1,0.05,67,210,0.9951,3.03,0.49,10.5
7.2,0.22,0.33,13.7,0.049,50,183,0.9987,3.21,0.55,10.8
6.1,0.26,0.3,17.7,0.039,49,172,0.99985,3.2,0.6,10.3
7.9,0.28,0.39,7.7,0.036,6,117,0.9938,2.92,0.57,11.8
6.3,0.24,0.44,12.6,0.041,48,195,0.9968,2.98,0.67,10.5
7,0.11,0.29,11.3,0.039,41,98,0.99564,2.99,0.53,10.8
6,0.26,0.4,2.7,0.021,18,82,0.9891,3.04,1.1,14.4
6.3,0.34,0.28,3.5,0.035,18,73,0.98868,2.9,0.62,14.1
5.8,0.16,0.34,2.8,0.045,96,170,0.99035,3.18,1.05,13
6.6,0.2,0.31,12.4,0.039,46,165,0.99795,3.21,0.59,10.8
6.4,0.14,0.31,2.1,0.044,25,96,0.9932,3.34,0.66,11.3
7.1,0.16,0.31,2.6,0.037,15,103,0.991,2.94,0.65,13.2
6.9,0.46,0.36,4.5,0.03,31,135,0.9904,2.94,0.53,13.4
6.7,0.29,0.29,3.8,0.025,37,107,0.99159,3.11,0.78,12.4
7.4,0.23,0.22,11.7,0.042,26,81,0.9954,2.66,0.51,10.7
6.8,0.22,0.42,8.4,0.044,56,189,0.9958,3.02,0.63,10.2
5.9,0.29,0.47,8.85,0.03,19,133,0.9933,3.32,0.58,12.7
7.5,0.32,0.28,5,0.028,46,100,0.98958,3,0.65,14.5
7.1,0.14,0.34,6.3,0.034,33,104,0.9953,3.17,0.67,10.2
6.7,0.27,0.34,9.9,0.048,32,111,0.99455,3.05,0.69,12.1
5.5,0.23,0.32,9.7,0.06,19,102,0.994,3.07,0.46,11.4
7.4,0.17,0.3,9.8,0.064,26,103,0.9961,2.74,0.71,10.2
7.7,0.29,0.34,2.2,0.048,4,119,0.99084,2.98,0.49,13.3
6.6,0.19,0.14,5.4,0.184,35,168,0.99396,2.73,0.6,10.3
7.6,0.37,0.32,4.6,0.035,22,93,0.99144,2.88,0.75,13.8
8.4,0.29,0.31,1.95,0.021,52,148,0.99038,2.73,0.47,12.7
6.9,0.31,0.26,6,0.027,46,143,0.9924,3.05,0.58,12.3
7.4,0.29,0.22,2.4,0.046,16,135,0.9928,2.88,0.92,11.4
8,0.23,0.3,18.45,0.056,43,184,0.9997,2.85,0.65,10.1
5.7,0.2,0.32,2.6,0.03,33,122,0.99044,3.13,0.67,13.1
5.7,0.3,0.18,2.4,0.029,26,104,0.9906,3.24,0.52,12.1
8,0.27,0.42,8.1,0.045,41,169,0.9959,2.97,0.58,11.7
5.7,0.21,0.2,17,0.044,41,113,0.99862,3.02,0.61,9.8
5.9,0.27,0.39,2.4,0.031,47,147,0.98836,2.88,0.79,14.2
7.6,0.19,0.34,2.8,0.041,42,148,0.99335,3.15,0.81,12.2
6.8,0.18,0.33,5.9,0.047,42,130,0.99283,2.92,0.71,12.1
6.4,0.25,0.3,3.2,0.025,33,134,0.992,3.01,0.62,11.7
7.5,0.17,0.45,5.6,0.041,67,158,0.9927,2.81,0.53,11.7
7.2,0.16,0.34,7.4,0.042,16,111,0.99278,2.79,0.55,11.9
7.5,0.17,0.37,7.2,0.05,21,138,0.99546,3,0.7,11.6
7.1,0.15,0.36,11.7,0.044,20,90,0.9959,2.96,0.59,12
7.1,0.41,0.25,3.8,0.036,43,132,0.98975,3.01,0.62,14.7
7.3,0.25,0.49,6,0.028,32,107,0.9936,3.04,0.69,11.9
6.7,0.25,0.49,9.1,0.052,48,197,0.99558,2.99,0.63,10.5
6.1,0.29,0.47,2.4,0.049,50,187,0.9927,2.99,0.6,10.5
5,0.23,0.21,3.2,0.039,31,100,0.99098,3.49,0.77,12.9
6.5,0.17,0.41,15.2,0.039,47,129,0.99678,3.08,0.87,11.3
6.5,0.25,0.74,14.3,0.044,68,224,0.9972,2.98,0.69,10.5
6.8,0.17,0.3,13.8,0.062,19,171,0.99808,2.8,0.67,9.9
7,0.19,0.33,5.7,0.03,25,76,0.99202,2.68,0.69,11.6
6.8,0.22,0.42,8.4,0.044,56,189,0.9958,3.02,0.63,10.2
5.3,0.38,0.25,4.9,0.031,45,130,0.99072,3.11,0.73,12.9
6.3,0.39,0.16,1.9,0.032,25,98,0.99274,2.96,0.57,10.5
6.7,0.37,0.24,3.7,0.017,22,80,0.99084,2.83,0.52,12.7
6.3,0.35,0.37,2.5,0.024,12,76,0.98876,2.74,0.54,13.5
7.7,0.17,0.3,2.2,0.046,49,199,0.99413,2.83,0.53,10.2
6.6,0.3,0.33,3.5,0.052,40,219.5,0.99316,2.95,0.75,11
6,0.27,0.52,7.2,0.028,37,104,0.99161,3.08,0.66,13
7.5,0.2,0.34,2.2,0.06,26,111,0.9931,3.31,0.62,11.8
6.3,0.2,0.4,2.7,0.031,48,134,0.9917,3.22,0.64,12.7
7.9,0.2,0.39,3,0.057,21,138,0.99176,2.85,0.67,12
7,0.24,0.45,3.3,0.045,40,118,0.99064,2.96,0.63,13.1
7.7,0.29,0.42,15.3,0.045,45,213,0.9991,2.98,0.78,10.1
6.7,0.31,0.42,7.4,0.058,27,151,0.9954,2.96,0.59,10.6
6.6,0.15,0.36,2.1,0.031,27,93,0.98884,3.03,0.49,14.5
5.9,0.11,0.28,2.4,0.037,36,83,0.99074,3.13,0.57,12
7.4,0.15,0.27,16.5,0.05,25,135,0.9984,2.7,0.58,9.6
6.8,0.29,0.25,11.5,0.043,30,165,0.9972,3.16,0.7,11.6
7.8,0.37,0.26,10.9,0.059,33,181,0.9955,2.84,0.57,12
5.8,0.34,0.32,2.7,0.033,22,96,0.9898,2.83,0.53,12.3
6.9,0.27,0.27,3.1,0.036,42,121,0.9926,3.22,0.64,11.9
6.9,0.18,0.33,2.6,0.043,63,149,0.9925,3.24,0.67,11.9
8.5,0.21,0.34,1.7,0.04,5,25,0.9918,2.84,0.52,11.6
5.6,0.25,0.27,11.6,0.03,27,119,0.9947,3.2,0.49,11.8
6.7,0.29,0.5,13.1,0.045,38,127,0.9974,2.84,0.68,9.8
6.9,0.18,0.35,2.7,0.036,33,101,0.99315,3.01,0.69,11.9
7.3,0.17,0.29,2.2,0.044,12,143,0.9918,3,0.63,12.4
6.7,0.16,0.27,2.4,0.032,39,149,0.99254,3.2,0.67,11.6
6.5,0.34,0.16,2.3,0.054,11,107,0.99398,2.99,0.54,9.4
6,0.16,0.33,7,0.036,30,111,0.99362,3.12,0.73,11.1
6.8,0.2,0.36,19.1,0.046,32,133,1,3.07,0.63,9.7
6.6,0.29,0.25,9,0.036,21,124,0.99362,2.86,0.53,11.9
6.5,0.23,0.38,2,0.027,31,90,0.98926,3.04,0.51,13.5
6.8,0.17,0.3,13.8,0.062,19,171,0.99808,2.8,0.67,9.9
6.9,0.41,0.28,10.4,0.056,29,183,0.99594,2.97,0.58,10.3
6.4,0.13,0.31,2.2,0.034,53,138,0.99084,3.18,0.5,12.7
6.2,0.18,0.38,6.1,0.019,22,82,0.98961,2.85,0.51,13.8
6.9,0.31,0.31,5.2,0.04,21,93,0.9896,2.98,0.63,14.7
7.4,0.16,0.29,2.4,0.047,23,107,0.9939,3.32,0.8,11.4
7.3,0.21,0.4,15.75,0.042,44.5,129.5,0.9998,3.16,0.56,10
6,0.16,0.33,7,0.036,30,111,0.99362,3.12,0.73,11.2
7.6,0.45,0.49,14,0.239,42,220,0.9988,2.76,0.66,10.1
6.5,0.36,0.53,2.4,0.142,5,69,0.9926,2.94,0.67,11.1
6.2,0.34,0.32,5,0.036,44,92,0.98936,3,0.65,14.6
6.8,0.34,0.24,5.6,0.039,24,124,0.9909,3.07,0.49,13.9
6.7,0.32,0.3,16.6,0.054,51,196,0.9982,2.99,0.64,10.2
7.1,0.26,0.31,19.2,0.046,55,252,1,2.87,0.71,9.6
6.7,0.22,0.25,2.6,0.036,28,143,0.99256,3.1,0.69,11.3
6.4,0.21,0.38,10.1,0.044,35,127,0.99326,2.77,0.45,12.1
6.4,0.26,0.45,9.3,0.05,52,196,0.9955,2.98,0.63,10.5
5,0.31,0.16,2.5,0.049,10,97,0.9917,3.28,0.59,11.8
6.7,0.28,0.45,15.3,0.054,30,181,0.99869,2.94,0.72,10
7.1,0.28,0.49,2.2,0.031,32,99,0.9893,2.87,0.48,13.4
7.8,0.14,0.34,2.1,0.035,31,93,0.99096,2.87,0.87,12.4
6.8,0.23,0.34,3.7,0.047,64.5,218.5,0.9934,3.1,0.73,10.7
7.2,0.22,0.32,9.5,0.058,47,186,0.9956,2.99,0.55,10.9
7.1,0.34,0.56,2.3,0.046,25,102,0.9923,3.04,0.48,11.6
5.6,0.39,0.24,2.9,0.034,10,53,0.98815,3.12,0.65,14.9
6.6,0.3,0.47,16.6,0.063,27,173,0.99872,2.98,0.71,9.9
6.6,0.55,0.3,6.1,0.057,30,123,0.9949,3.04,0.53,9.9
6.1,0.31,0.32,8.8,0.052,52,183,0.99657,3.19,0.8,10.5
7.5,0.23,0.31,14.1,0.05,26,180,0.99884,2.85,0.68,10
6.9,0.27,0.24,3.1,0.034,49,121,0.98882,2.78,0.58,14.5
6.7,0.25,0.29,6.8,0.025,26,74,0.9929,3.08,0.68,12.1
6.2,0.19,0.31,2,0.031,22,73,0.99035,3.04,0.67,12.4
7.1,0.42,0.37,3.7,0.041,35,128,0.9896,2.87,0.58,14.9
7.1,0.21,0.74,3.7,0.044,42,144,0.991,3.11,0.56,13.4
6.6,0.26,0.29,6.3,0.045,57,189,0.9953,3.11,0.94,10.8
6.3,0.26,0.51,8.6,0.049,35,200,0.99548,2.96,0.69,10.3
6.4,0.36,0.2,6.3,0.117,57,181,0.99459,3.04,0.58,10.5
7.4,0.24,0.36,14.2,0.067,53,178,0.9976,2.81,0.63,9.9
6.2,0.34,0.45,11.4,0.06,22,184,0.99711,3.11,0.71,10.8
6.6,0.15,0.35,2.8,0.042,26,105,0.98962,2.99,0.9,13.6
6.5,0.23,0.24,2.6,0.046,15,60,0.9928,2.99,0.54,10.8
5.8,0.29,0.23,2.5,0.034,37,121,0.98871,2.76,0.49,13.3
7.6,0.2,0.35,2.2,0.041,7,106,0.9914,2.86,0.6,12.4
7.5,0.16,0.44,12.3,0.046,65,146,0.997,2.97,0.6,11
7.2,0.45,0.65,9.3,0.083,27,182,0.9964,2.8,0.5,10.1
6.5,0.39,0.24,15,0.048,24,113,0.9982,3.24,0.68,10.8
6.5,0.48,0.25,2.7,0.048,39,177,0.99212,3.08,0.72,11.7
7.6,0.46,0.28,11.4,0.049,57,205,0.99748,3.04,0.6,10.2
6.4,0.3,0.26,8.9,0.05,53,180,0.99514,2.94,0.65,10.6
7.2,0.17,0.41,2.2,0.048,41,97,0.9919,2.94,0.6,11.4
7.4,0.19,0.29,2.7,0.047,16,100,0.99243,3.08,0.6,11.7
7.9,0.35,0.31,3.85,0.037,5,24,0.9911,2.99,0.51,13.1
6.5,0.26,0.26,12,0.03,2,82,0.99402,2.87,0.51,12.3
6.9,0.37,0.22,5.3,0.03,10,102,0.993,2.8,1.02,12.8
7.1,0.25,0.31,3.2,0.044,29,128,0.9937,3.14,0.79,12
6,0.27,0.24,18.8,0.047,42,111,0.99896,2.9,0.6,9.8
7.3,0.2,0.3,11.9,0.037,18,112,0.997,3.2,0.65,10.6
7.6,0.26,0.34,6,0.04,18,56,0.99084,2.86,0.63,13.6
5.7,0.24,0.27,12.5,0.04,24,120,0.99411,3.13,0.46,11.9
5.7,0.32,0.34,2,0.04,13,174,0.992,3.07,0.81,11
7.4,0.33,0.2,14.9,0.054,63,229,0.99888,2.91,0.65,9.8
6.1,0.2,0.19,2.4,0.046,51,131,0.99184,3.02,0.54,11.6
6.9,0.14,0.29,3.3,0.033,14,82,0.99132,2.9,0.73,12.3
6.1,0.18,0.37,3.6,0.041,24,99,0.99153,2.98,0.65,12
6.9,0.2,0.62,7.3,0.042,7,109,0.99358,2.76,0.74,11.2
7,0.17,0.26,2.4,0.044,46,89,0.99256,3.19,0.63,11.8
6.4,0.22,0.35,11.3,0.042,54,140,0.9967,3.03,0.62,10.1
6.3,0.32,0.33,5.6,0.034,19,80,0.9917,3.18,0.73,13.2
6.9,0.33,0.55,12.95,0.038,22,111,0.99687,2.91,0.44,10.7
8.3,0.38,0.38,2.1,0.038,15,75,0.9934,2.83,0.58,10.1
7.3,0.18,0.27,14.9,0.057,45,155,0.99807,2.74,0.56,9.7
8.2,0.19,0.36,9.1,0.035,60,163,0.9952,2.85,0.45,11.3
8.8,0.31,0.36,3.1,0.034,19,125,0.99166,2.76,1.13,14
7.1,0.09,0.3,7.2,0.032,24,134,0.993,2.79,0.54,12
7.4,0.26,0.26,12.8,0.053,55,173,0.99699,2.91,0.75,10.8
7.8,0.28,0.36,8,0.042,38,161,0.9941,3.06,0.52,12.3
9.6,0.2,0.28,2.2,0.038,12,53,0.9926,2.6,0.61,11.7
5.9,0.35,0.14,7.3,0.036,34,185,0.9944,2.97,0.78,10.8
6,0.35,0.32,2,0.053,31,218.5,0.9924,3.09,0.87,10.8
6.9,0.29,0.21,16.7,0.056,49,159,0.99827,2.91,0.63,9.9
6.8,0.22,0.29,16.4,0.073,56,173,0.9984,2.86,0.56,9.6
6.9,0.24,0.34,2.3,0.035,27,82,0.99045,2.98,0.59,13.4
7.7,0.23,0.27,2.8,0.051,52,190,0.9928,3.03,0.65,11.9
6.8,0.29,0.24,7.6,0.123,35,116,0.9953,2.87,0.63,10.3
8.8,0.31,0.44,7.35,0.024,9,87,0.9917,2.76,0.55,13.9
7,0.13,0.49,6.9,0.053,22,118,0.9954,3.16,0.51,10.3
6.9,0.18,0.35,14.5,0.038,49,118,0.99546,2.8,0.78,11.8
7.4,0.33,0.31,18.95,0.062,42,187,1.0002,3.07,0.79,10
6.1,0.25,0.51,3.2,0.05,61,154,0.9929,2.88,0.75,10.8
8.7,0.14,0.3,2.6,0.046,29,130,0.9942,3.02,0.53,10.8
6.8,0.16,0.35,2.8,0.04,29,84,0.98961,2.71,0.72,13.2
7.1,0.2,0.31,4.8,0.021,40,142,0.99215,2.97,0.54,11.9
7.8,0.2,0.39,2.8,0.034,62,180,0.991,2.89,0.9,13.9
7.4,0.32,0.42,2.1,0.033,17,171,0.9917,2.92,0.68,12.4
7,0.2,0.28,9.6,0.045,37,221,0.9954,3.05,0.69,11.4
5.2,0.18,0.22,2,0.03,47,123,0.99218,3.35,0.59,11.2
5.8,0.31,0.2,17.05,0.047,26,166,0.9976,2.89,0.61,9.8
6.5,0.28,0.31,2.7,0.035,24,79,0.99053,3.07,0.84,12.5
5.7,0.25,0.28,7.9,0.036,46,150,0.99299,3.16,0.59,11.9
7.1,0.37,0.79,2.4,0.194,23,90,0.99212,2.97,0.61,11.6
6.4,0.26,0.32,5.5,0.24,61,174,0.9948,2.92,0.63,10.3
7.3,0.16,0.23,7.3,0.051,35,240,0.9963,3.16,0.69,11
7,0.29,0.29,2.4,0.037,33,128,0.9896,2.92,0.51,13.4
7.1,0.19,0.31,8.4,0.053,32,211,0.99587,3.11,0.74,11.4
6,0.28,0.2,13.6,0.045,45,187,0.9972,3.13,0.57,10.5
6.7,0.29,0.18,8.7,0.043,57,200,0.99566,2.97,0.59,10.3
6.4,0.44,0.22,15.7,0.047,51,183,0.998275,3.19,0.75,11.6
7.1,0.2,0.3,2.4,0.037,45,143,0.9932,2.93,0.48,10.9
6.4,0.23,0.49,6.8,0.053,25,120,0.9942,2.81,1.13,11.6
6.8,0.21,0.36,2.2,0.052,38,127,0.9933,2.84,0.69,10.1
6.8,0.24,0.27,11.7,0.076,47,154,0.9967,2.85,0.53,9.9
6.6,0.33,0.26,3.7,0.045,19,129,0.98952,3.04,0.63,14.3
6.8,0.18,0.36,2.9,0.035,30,96,0.9917,2.95,0.69,11.9
7.1,0.25,0.19,9.2,0.051,53,187,0.996,2.96,0.67,10.7
6.6,0.26,0.33,2.4,0.042,24,183,0.99215,3.09,0.61,11.8
7.1,0.29,0.49,2.6,0.045,31,100,0.9942,3.2,0.74,11.2
6,0.19,0.26,7.8,0.049,22,93,0.9928,2.95,0.57,12.1
6.2,0.37,0.24,5.8,0.037,45,138,0.99174,3.03,0.58,12.3
6.3,0.23,0.35,3.3,0.039,43,109,0.99056,3.14,0.59,13
5.9,0.25,0.4,2.3,0.047,12,139,0.9945,3.25,0.68,11.4
6.8,0.26,0.42,8.3,0.054,58,200,0.99556,2.92,0.64,10.3
7,0.43,0.34,20.8,0.04,12,67,0.9976,2.87,0.53,12.1
5.9,0.13,0.2,2.6,0.04,26,114,0.99105,3.05,0.6,12.5
6.1,0.18,0.25,5,0.023,23,112,0.9923,3.17,0.66,12.8
7.1,0.17,0.32,13.2,0.048,36,125,0.9967,2.72,0.69,10.3
6.5,0.37,0.35,2.6,0.049,10,164,0.99516,3.15,0.66,10.7
6.1,0.13,0.25,2.3,0.047,37,173,0.9925,3.15,0.61,11